title,genres,director,cast,overview,keywords
Inception,Sci-Fi Action Thriller,Christopher Nolan,Leonardo DiCaprio Joseph Gordon-Levitt Elliot Page,A thief who steals corporate secrets through dream-sharing technology is given the inverse task of planting an idea into the mind of a CEO.,dreams heist mind-bending subconscious
The Dark Knight,Action Crime Drama,Christopher Nolan,Christian Bale Heath Ledger Aaron Eckhart,Batman faces the Joker a criminal mastermind who plunges Gotham into anarchy.,superhero crime batman joker gotham
Interstellar,Sci-Fi Drama Adventure,Christopher Nolan,Matthew McConaughey Anne Hathaway Jessica Chastain,A team of explorers travel through a wormhole in space to ensure humanity's survival.,space time travel wormhole nasa
The Prestige,Drama Mystery Thriller,Christopher Nolan,Christian Bale Hugh Jackman Scarlett Johansson,Two stage magicians engage in a battle to create the ultimate illusion.,magic rivalry obsession illusion
Memento,Mystery Thriller,Christopher Nolan,Guy Pearce Carrie-Anne Moss,A man with short-term memory loss attempts to track down his wife's murderer.,memory loss revenge nonlinear
The Matrix,Sci-Fi Action,Lana Wachowski,Keanu Reeves Laurence Fishburne Carrie-Anne Moss,A hacker learns the true nature of reality and his role in the war against its controllers.,simulation hacker reality dystopia
The Matrix Reloaded,Sci-Fi Action,Lana Wachowski,Keanu Reeves Laurence Fishburne Carrie-Anne Moss,Neo and his allies race against time to stop machines from destroying Zion.,simulation rebellion machines sequel
John Wick,Action Crime Thriller,Chad Stahelski,Keanu Reeves Michael Nyqvist Alfie Allen,An ex-hitman comes out of retirement to track down the gangsters that killed his dog.,assassin revenge hitman underworld
Avengers Endgame,Action Adventure Sci-Fi,Anthony Russo,Robert Downey Jr Chris Evans Scarlett Johansson,The Avengers assemble once more to reverse the damage caused by Thanos.,superhero team-up time-travel infinity-stones
Avengers Infinity War,Action Adventure Sci-Fi,Anthony Russo,Robert Downey Jr Chris Evans Josh Brolin,The Avengers must stop Thanos from collecting all the Infinity Stones.,superhero villain infinity-stones cosmic
Iron Man,Action Adventure Sci-Fi,Jon Favreau,Robert Downey Jr Gwyneth Paltrow Jeff Bridges,A billionaire industrialist builds a powered suit of armor to fight evil.,superhero technology billionaire origin-story
Guardians of the Galaxy,Action Adventure Comedy,James Gunn,Chris Pratt Zoe Saldana Dave Bautista,A group of intergalactic misfits must band together to save the galaxy.,space team-up comedy adventure
Titanic,Romance Drama,James Cameron,Leonardo DiCaprio Kate Winslet Billy Zane,A love story unfolds aboard the ill-fated RMS Titanic.,romance tragedy ship historical
Avatar,Sci-Fi Adventure Fantasy,James Cameron,Sam Worthington Zoe Saldana Sigourney Weaver,A paraplegic marine is sent to the moon Pandora and becomes torn between orders and protecting the world he feels is home.,alien planet colonization nature
The Terminator,Sci-Fi Action,James Cameron,Arnold Schwarzenegger Linda Hamilton,A cyborg assassin is sent back in time to kill a woman whose son will lead humanity's fight against machines.,cyborg time-travel robots apocalypse
Forrest Gump,Drama Romance,Robert Zemeckis,Tom Hanks Robin Wright,The presidencies of Kennedy and Johnson unfold from the perspective of an Alabama man with an low IQ.,life-story destiny historical friendship
Cast Away,Drama Adventure,Robert Zemeckis,Tom Hanks Helen Hunt,A FedEx executive must transform himself physically and emotionally to survive after being stranded on a deserted island.,survival isolation island shipwreck
The Shawshank Redemption,Drama Crime,Frank Darabont,Tim Robbins Morgan Freeman,Two imprisoned men bond over years finding solace and eventual redemption.,prison friendship hope redemption
The Green Mile,Drama Fantasy Crime,Frank Darabont,Tom Hanks Michael Clarke Duncan,"The lives of guards on Death Row are affected by one of their charges: a black man accused of child murder who has a mysterious gift.",prison supernatural death-row miracle
Pulp Fiction,Crime Drama,Quentin Tarantino,John Travolta Uma Thurman Samuel L. Jackson,The lives of two mob hitmen a boxer a gangster and his wife intertwine in tales of violence and redemption.,nonlinear crime dialogue gangster
Kill Bill,Action Crime Thriller,Quentin Tarantino,Uma Thurman David Carradine,A former assassin wakes from a coma and sets out on a roaring rampage of revenge.,revenge assassin martial-arts sword
Django Unchained,Western Drama,Quentin Tarantino,Jamie Foxx Christoph Waltz Leonardo DiCaprio,A freed slave sets out to rescue his wife from a brutal plantation owner.,slavery revenge western bounty-hunter
Inglourious Basterds,War Drama,Quentin Tarantino,Brad Pitt Melanie Laurent Christoph Waltz,A group of Jewish soldiers plot to assassinate Nazi leaders during WWII.,wwii revenge nazis guerrilla
The Godfather,Crime Drama,Francis Ford Coppola,Marlon Brando Al Pacino James Caan,The aging patriarch of an organized crime dynasty transfers control to his reluctant son.,mafia family power crime-family
The Godfather Part II,Crime Drama,Francis Ford Coppola,Al Pacino Robert De Niro,The early life of Vito Corleone and the continued story of his son Michael.,mafia family power legacy
Apocalypse Now,War Drama,Francis Ford Coppola,Marlon Brando Martin Sheen Robert Duvall,A captain is sent to assassinate a renegade colonel during the Vietnam War.,war jungle madness vietnam
Goodfellas,Crime Drama Biography,Martin Scorsese,Robert De Niro Ray Liotta Joe Pesci,The story of Henry Hill and his life in the mob.,mafia crime-family biography rise-and-fall
The Wolf of Wall Street,Crime Drama Comedy,Martin Scorsese,Leonardo DiCaprio Jonah Hill Margot Robbie,A stockbroker recounts his corrupt rise to wealth and its excesses.,wall-street fraud excess biography
Shutter Island,Mystery Thriller,Martin Scorsese,Leonardo DiCaprio Mark Ruffalo Ben Kingsley,A U.S. Marshal investigates the disappearance of a murderer from a hospital for the criminally insane.,psychological asylum twist detective
The Departed,Crime Drama Thriller,Martin Scorsese,Leonardo DiCaprio Matt Damon Jack Nicholson,An undercover cop and a police informant play a cat-and-mouse game within the Boston mob.,undercover mob betrayal police
La La Land,Romance Musical Drama,Damien Chazelle,Ryan Gosling Emma Stone,A jazz pianist and an aspiring actress fall in love while pursuing their dreams in Los Angeles.,musical romance jazz dreams
Whiplash,Drama Music,Damien Chazelle,Miles Teller J.K. Simmons,A young drummer is pushed to his limits by a ruthless music instructor.,music ambition mentor obsession
Parasite,Thriller Drama Comedy,Bong Joon-ho,Song Kang-ho Lee Sun-kyun,A poor family schemes to become employed by a wealthy family by infiltrating their household.,class-divide satire twist family
Get Out,Horror Thriller Mystery,Jordan Peele,Daniel Kaluuya Allison Williams,A young African-American man uncovers a disturbing secret when he meets his white girlfriend's family.,horror race satire mystery
Us,Horror Thriller,Jordan Peele,Lupita Nyong'o Winston Duke,A family is confronted by a group of doppelgangers.,horror doppelganger family social-commentary
Coco,Animation Family Fantasy,Lee Unkrich,Anthony Gonzalez Gael Garcia Bernal,A boy is transported to the land of the dead where he seeks the help of his musician ancestor.,family music afterlife tradition
Up,Animation Adventure Comedy,Pete Docter,Edward Asner Jordan Nagai,An elderly widower ties thousands of balloons to his house and sets off on an adventure.,adventure friendship loss balloons
Inside Out,Animation Family Comedy,Pete Docter,Amy Poehler Bill Hader,The emotions inside an 11-year-old girl's mind help guide her through a difficult transition.,emotions childhood family growth
Toy Story,Animation Adventure Comedy,John Lasseter,Tom Hanks Tim Allen,A cowboy doll feels threatened when a new spaceman action figure supplants him as top toy.,toys friendship childhood adventure
Finding Nemo,Animation Adventure Family,Andrew Stanton,Albert Brooks Ellen DeGeneres,A clownfish searches the ocean for his abducted son.,ocean fatherhood adventure family
WALL-E,Animation Sci-Fi Family,Andrew Stanton,Ben Burtt Elissa Knight,A robot on a waste-covered Earth is sent a signal that could change his fate.,robot environment love dystopia
Spirited Away,Animation Fantasy Adventure,Hayao Miyazaki,Rumi Hiiragi Miyu Irino,A young girl wanders into a world ruled by gods and witches where humans are changed into beasts.,fantasy spirits coming-of-age magic
The Lion King,Animation Adventure Drama,Roger Allers,Matthew Broderick James Earl Jones,A lion cub flees his kingdom after his father's murder only to learn the true meaning of responsibility.,royalty family betrayal africa
Gladiator,Action Adventure Drama,Ridley Scott,Russell Crowe Joaquin Phoenix,A betrayed Roman general seeks revenge against the corrupt emperor who murdered his family.,rome revenge arena betrayal
Blade Runner 2049,Sci-Fi Drama Mystery,Denis Villeneuve,Ryan Gosling Harrison Ford,A young blade runner unearths a secret that could plunge society into chaos.,dystopia replicants identity noir
Dune,Sci-Fi Adventure Drama,Denis Villeneuve,Timothee Chalamet Rebecca Ferguson,A noble family becomes embroiled in a war for control over a desert planet.,desert-planet politics prophecy empire
Arrival,Sci-Fi Drama Mystery,Denis Villeneuve,Amy Adams Jeremy Renner,A linguist is recruited to communicate with alien visitors.,aliens language time communication
Sicario,Crime Thriller Drama,Denis Villeneuve,Emily Blunt Benicio del Toro,An FBI agent is enlisted to aid in the war against drugs at the border.,cartel border corruption tension
The Social Network,Drama Biography,David Fincher,Jesse Eisenberg Andrew Garfield,The founding of Facebook and the resulting lawsuits.,startup betrayal biography technology
Fight Club,Drama Thriller,David Fincher,Brad Pitt Edward Norton,An insomniac office worker forms an underground fight club that evolves into something much more.,identity anarchy consumerism twist
Gone Girl,Mystery Thriller Drama,David Fincher,Ben Affleck Rosamund Pike,A man becomes suspect number one in his wife's disappearance.,marriage mystery media manipulation
Se7en,Crime Mystery Thriller,David Fincher,Brad Pitt Morgan Freeman,Two detectives hunt a serial killer who uses the seven deadly sins as his motives.,serial-killer detective dark twist
